adult,belongs_to_collection,budget,genres,homepage,id,imdb_id,original_language,original_title,overview,popularity,poster_path,production_companies,production_countries,release_date,revenue,runtime,spoken_languages,status,tagline,title,video,vote_average,vote_count
False,,5000000,"[{'id': 27, 'name': 'Horror'}, {'id': 9648, 'name': 'Mystery'}]",,24913,tt0090655,en,April Fool's Day,"A group of eight college friends gather together at an island mansion belonging to heiress Muffy St. John to celebrate their final year of school. They soon discover that each has a hidden secret from their past which is revealed, and soon after, they turn up dead.",10.301342,/FiDprIXcWbAPz4sB3vYjxSjHrU.jpg,"[{'name': 'Paramount Pictures', 'id': 4}, {'name': 'Hometown Films', 'id': 52760}, {'name': 'YCTM', 'id': 77507}]","[{'iso_3166_1': 'CA', 'name': 'Canada'}, {'iso_3166_1': 'US', 'name': 'United States of America'}]",1986-03-27,0.0,89.0,"[{'iso_639_1': 'en', 'name': 'English'}]",Released,Childish pranks turn into a bloody battle for survival!,April Fool's Day,False,5.8,74.0
False,,0,"[{'id': 18, 'name': 'Drama'}, {'id': 27, 'name': 'Horror'}, {'id': 53, 'name': 'Thriller'}]",,14660,tt0473267,en,Solstice,"A young girl uncovers a disturbing secret about her twin sister, who committed suicide just a few months before.",2.370808,/84bazPow49YkCSfzpAastyPy6f7.jpg,"[{'name': 'Endgame Entertainment', 'id': 1205}, {'name': 'Solstice Productions', 'id': 52180}]","[{'iso_3166_1': 'US', 'name': 'United States of America'}]",2008-01-01,0.0,87.0,"[{'iso_639_1': 'en', 'name': 'English'}]",Released,,Solstice,False,5.5,50.0
False,,0,"[{'id': 53, 'name': 'Thriller'}, {'id': 12, 'name': 'Adventure'}, {'id': 878, 'name': 'Science Fiction'}, {'id': 27, 'name': 'Horror'}]",,28063,tt0052667,it,Caltiki il mostro immortale,Academic researchers are chased by a nuclear-hot specimen of ancient Mayan blob.,0.544324,/yZX5P2QLeal7XXTia7Xl2YMMfEv.jpg,"[{'name': 'Lux Film', 'id': 1679}, {'name': 'Galatea Film', 'id': 12240}, {'name': 'Climax Pictures', 'id': 53179}]","[{'iso_3166_1': 'IT', 'name': 'Italy'}, {'iso_3166_1': 'US', 'name': 'United States of America'}]",1959-08-07,0.0,76.0,"[{'iso_639_1': 'it', 'name': 'Italiano'}]",Released,Slimy Glob of Doom Engulfs The World!,"Caltiki, the Immortal Monster",False,5.9,6.0
False,,0,"[{'id': 27, 'name': 'Horror'}, {'id': 10769, 'name': 'Foreign'}]",,115905,tt1808221,hi,Kaalo,"Kaalo is a Hindi horror film, directed by Wilson Louis and produced by Yash Patnaik, Mamta Patnaik and Dhaval Gada. The film was released on 17 December 2010 under the Beyond Dreams Entertainment Ltd. banner. It Is loosely based on the 1990 American science fiction horror comedy film Tremors",0.077685,/wMyvt2AfvjMaip8eQHkS98p1tTa.jpg,[],"[{'iso_3166_1': 'IN', 'name': 'India'}]",2010-12-17,0.0,0.0,"[{'iso_639_1': 'hi', 'name': 'हिन्दी'}]",Released,,Kaalo,False,2.8,2.0
False,,0,"[{'id': 27, 'name': 'Horror'}]",,74860,tt1984177,ko,화이트: 저주의 멜로디,"Pop band Pink Dolls emerges to stardom after releasing a remake of “White,” written by an anonymous composer. The more popular the members become, however, the more they become torn by jealousy and rivalries. But as the girls each take turns to become the lead vocalist, mysterious incidents occur.",1.93372,/xeG8PN3MSXNBonJ4CleBCe7FTP6.jpg,"[{'name': 'CJ Entertainment', 'id': 7036}]","[{'iso_3166_1': 'KR', 'name': 'South Korea'}]",2011-06-09,0.0,106.0,"[{'iso_639_1': 'ko', 'name': '한국어/조선말'}]",Released,Do not dare sing that song,White: The Melody of the Curse,False,5.9,23.0
False,,5500000,"[{'id': 27, 'name': 'Horror'}, {'id': 53, 'name': 'Thriller'}]",,25713,tt1056036,en,Animals,"Syd Jarrett is an unsuspecting, down-and-out man in a washed-up hick town who gets pulled into a sub-culture of blood-hungry creatures. He encounters Vic, a renegade whose animal instincts are stronger than his human ones. As things begin to get even worse, Jarrett realizes that his best chance for happiness, and survival, lies in his true love for Jane.",5.27828,/o3qd9sW5VDy2cmMA4rDOdtXbDBE.jpg,"[{'name': 'Anonymous Content', 'id': 30420}, {'name': 'T&C Pictures', 'id': 71881}]","[{'iso_3166_1': 'US', 'name': 'United States of America'}]",2008-11-05,0.0,88.0,"[{'iso_639_1': 'en', 'name': 'English'}]",Released,,Animals,False,3.8,8.0
False,,0,"[{'id': 18, 'name': 'Drama'}, {'id': 27, 'name': 'Horror'}, {'id': 878, 'name': 'Science Fiction'}, {'id': 14, 'name': 'Fantasy'}]",,43093,tt0052611,en,"Behemoth, the Sea Monster",Marine atomic tests cause changes in the ocean's ecosystem resulting in dangerous blobs of radiation and the resurrection of a dormant dinosaur which threatens London.,1.311197,/8PVTOCIp4i3UMSzZtQKlmvAz4JA.jpg,"[{'name': 'Artistes Alliance Ltd.', 'id': 14056}, {'name': 'Diamond Pictures Corp.', 'id': 14058}]","[{'iso_3166_1': 'GB', 'name': 'United Kingdom'}, {'iso_3166_1': 'US', 'name': 'United States of America'}]",1959-03-03,0.0,80.0,"[{'iso_639_1': 'en', 'name': 'English'}]",Released,The biggest thing since creation!,The Giant Behemoth,False,5.3,9.0
False,,0,"[{'id': 53, 'name': 'Thriller'}, {'id': 27, 'name': 'Horror'}, {'id': 18, 'name': 'Drama'}]",http://www.gasi2014.co.kr/index.htm,267466,tt3550748,ko,가시,A high school student develops a crush on her gym teacher.,1.224917,/mOkltNgorDnFJHvBxJ385xGcSZO.jpg,"[{'name': '인벤트 디', 'id': 22588}]","[{'iso_3166_1': 'KR', 'name': 'South Korea'}]",2014-04-10,0.0,117.0,"[{'iso_639_1': 'ko', 'name': '한국어/조선말'}]",Released,,Innocent Thing,False,6.9,14.0
False,,0,"[{'id': 27, 'name': 'Horror'}, {'id': 10769, 'name': 'Foreign'}]",,92751,tt0074829,it,La lupa mannara,A woman has dreams that she is a werewolf so she goes out and finds men. She proceeds to have sex with them and then rip their throats out with her teeth. She eventually falls in love but then she is raped and her lover is murdered so she goes out for revenge.,1.428941,/8gOlFoqUu3ycTtxkEtYqymVLGew.jpg,"[{'name': 'Dialchi Film', 'id': 16131}]","[{'iso_3166_1': 'IT', 'name': 'Italy'}]",1976-03-18,0.0,98.0,"[{'iso_639_1': 'it', 'name': 'Italiano'}]",Released,A true story so brutal and horrifying it was kept from the public for over a century!,Werewolf Woman,False,5.1,7.0
False,,0,"[{'id': 27, 'name': 'Horror'}]",,35911,tt0047966,en,Cult of the Cobra,"While stationed in Asia, six American G.I.'s witness the secret ritual of Lamians (worshipers of women who can change into serpents). When discovered by the cult, the High Lamian Priest vows that ""the Cobra Goddess will avenge herself"". Once back in the United States, a mysterious woman enters into their lives and accidents begin to happen. The shadow of a cobra is seen just before each death.",0.843099,/kdGhrtYptjMRkm9VfapNMl6bRMc.jpg,"[{'name': 'Universal International Pictures (UI)', 'id': 10330}]","[{'iso_3166_1': 'US', 'name': 'United States of America'}]",1955-05-30,0.0,82.0,"[{'iso_639_1': 'en', 'name': 'English'}]",Released,Can a woman's beauty be changed to a thing of terror?,Cult of the Cobra,False,5.9,7.0
False,,0,"[{'id': 28, 'name': 'Action'}, {'id': 18, 'name': 'Drama'}, {'id': 27, 'name': 'Horror'}, {'id': 9648, 'name': 'Mystery'}, {'id': 53, 'name': 'Thriller'}]",,2212,tt0119791,en,Nightwatch,"A law student, who takes a job as a night watchman at a morgue, begins to discover clues that implicate him as the suspect of a series of murders.",6.122067,/sI3moXaWI1ZVFR4oJ1Hp3TWSShh.jpg,"[{'name': 'Michael Obel Productions', 'id': 1011}]","[{'iso_3166_1': 'US', 'name': 'United States of America'}]",1997-01-31,1179002.0,102.0,"[{'iso_639_1': 'en', 'name': 'English'}]",Released,,Nightwatch,False,6.2,104.0
False,"{'id': 90306, 'name': 'Ghost Rider Collection', 'poster_path': '/bZBasloaMhjxCwH6tV0eziNMqut.jpg', 'backdrop_path': '/ee8zhn4VIXQh1J5t7efyybcvHLj.jpg'}",110000000,"[{'id': 53, 'name': 'Thriller'}, {'id': 28, 'name': 'Action'}, {'id': 14, 'name': 'Fantasy'}, {'id': 27, 'name': 'Horror'}]",http://www.sonypictures.com/movies/ghostrider/,1250,tt0259324,en,Ghost Rider,"In order to save his dying father, young stunt cyclist, Johnny Blaze sells his soul to Mephistopheles and sadly parts from the pure-hearted, Roxanne Simpson, the love of his life. Years later, Johnny's path crosses again with Roxanne, now a go-getting reporter, and also with Mephistopheles, who offers to release Johnny's soul if Johnny becomes the fabled, fiery 'Ghost Rider'.",11.902354,/jnllnSq8u4d1oQPU7PsoAHD6bLU.jpg,"[{'name': 'Columbia Pictures Corporation', 'id': 441}, {'name': 'Relativity Media', 'id': 7295}, {'name': 'Michael De Luca Productions', 'id': 11370}, {'name': 'Marvel Enterprises', 'id': 19551}, {'name': 'Crystal Sky Pictures', 'id': 20241}, {'name': 'GH One', 'id': 20475}, {'name': 'Vengeance Productions Pty. Ltd.', 'id': 20476}]","[{'iso_3166_1': 'US', 'name': 'United States of America'}, {'iso_3166_1': 'AU', 'name': 'Australia'}]",2007-02-16,228738393.0,114.0,"[{'iso_639_1': 'en', 'name': 'English'}]",Released,Hell Is About To Be Unleashed,Ghost Rider,False,5.2,1754.0
False,,0,"[{'id': 28, 'name': 'Action'}, {'id': 16, 'name': 'Animation'}, {'id': 18, 'name': 'Drama'}, {'id': 27, 'name': 'Horror'}, {'id': 878, 'name': 'Science Fiction'}]",http://www.blame.jp/,409421,tt6574146,ru,ブラム,"In the distant technological future, civilization has reached its ultimate Net-based form. An ""infection"" in the past caused the automated systems to spiral out of order, resulting in a multi-leveled city structure that replicates itself infinitely in all directions. Now humanity has lost access to the city's controls, and is hunted down and purged by the defense system known as the Safeguard. In a tiny corner of the city, a little enclave known as the Electro-Fishers is facing eventual extinction, trapped between the threat of the Safeguard and dwindling food supplies. A girl named Zuru goes on a journey to find food for her village, only to inadvertently cause doom when an observation tower senses her and summons a Safeguard pack to eliminate the threat. With her companions dead and all escape routes blocked, the only thing that can save her now is the sudden arrival of Killy the Wanderer, on his quest for the Net Terminal Genes, the key to restoring order to the world.",3.455833,/vNGR1oruTC9WWPraHatRyUZT2ii.jpg,"[{'name': 'Polygon Pictures', 'id': 20024}]","[{'iso_3166_1': 'JP', 'name': 'Japan'}]",2017-05-20,0.0,106.0,"[{'iso_639_1': 'ja', 'name': '日本語'}]",Released,,Blame!,False,6.7,47.0
False,,0,"[{'id': 27, 'name': 'Horror'}, {'id': 53, 'name': 'Thriller'}, {'id': 10769, 'name': 'Foreign'}]",,91237,tt1337034,ko,Woetoli,A student becomes a recluse in response to her best friend's suicide and locks herself in her room. She believes that someone is in the room with her. Her alarmed family hires a psychologist to intervene.,0.252091,/ivhuCvIZK7CN4COCQ13yzbYJpQu.jpg,[],"[{'iso_3166_1': 'KR', 'name': 'South Korea'}]",2008-09-18,0.0,117.0,"[{'iso_639_1': 'ko', 'name': '한국어/조선말'}]",Released,,Loner,False,5.0,7.0
False,"{'id': 47770, 'name': 'Phantasm Collection', 'poster_path': '/xqgAkKmQRrk0UaIbWMak4RRSQm7.jpg', 'backdrop_path': '/bu33EKctcBJvN5KHR780lWQkyJd.jpg'}",3000000,"[{'id': 28, 'name': 'Action'}, {'id': 27, 'name': 'Horror'}, {'id': 878, 'name': 'Science Fiction'}, {'id': 53, 'name': 'Thriller'}]",http://phantasm.com,15158,tt0095863,en,Phantasm II,"Mike, after his release from a psychiatric hospital, teams up with his old pal Reggie to hunt down the Tall Man, who is at it again. A mysterious, beautiful girl has also become part of Mike's dreams, and they must find her before the Tall Man does.",8.733192,/nXTgWw0eWGvSPDblFdDe2tkLDNI.jpg,"[{'name': 'Universal Pictures', 'id': 33}, {'name': 'Spacegate Productions', 'id': 3046}, {'name': 'Starway International Inc.', 'id': 3146}]","[{'iso_3166_1': 'US', 'name': 'United States of America'}]",1988-07-08,7282851.0,97.0,"[{'iso_639_1': 'en', 'name': 'English'}]",Released,The ball is back!,Phantasm II,False,6.3,97.0
False,,0,"[{'id': 35, 'name': 'Comedy'}, {'id': 18, 'name': 'Drama'}, {'id': 27, 'name': 'Horror'}, {'id': 10749, 'name': 'Romance'}, {'id': 53, 'name': 'Thriller'}]",,16973,tt0328077,en,Love Object,"The twisted tale of Kenneth, socially insecure technical writer who forms an obsessive relationship with ""Nikki"", an anatomically accurate silicone sex doll he orders over the Internet.",2.61667,/2ugM0JAxWTV6eAhYK9A7tbw5F2j.jpg,"[{'name': 'ContentFilm', 'id': 1420}, {'name': 'Base 12 Productions', 'id': 3242}, {'name': 'Catapult Films', 'id': 38193}]","[{'iso_3166_1': 'US', 'name': 'United States of America'}]",2003-04-05,0.0,88.0,"[{'iso_639_1': 'en', 'name': 'English'}]",Released,,Love Object,False,5.8,31.0
False,,0,"[{'id': 27, 'name': 'Horror'}, {'id': 9648, 'name': 'Mystery'}, {'id': 53, 'name': 'Thriller'}]",,28049,tt0060794,it,Operazione paura,An 18th century European village is haunted by the ghost of a murderous little girl.,2.230793,/nSxvQv5rT5VS1nh5xmzBSgO7u0W.jpg,"[{'name': 'FUL Films', 'id': 4744}]","[{'iso_3166_1': 'IT', 'name': 'Italy'}]",1966-07-08,0.0,85.0,"[{'iso_639_1': 'de', 'name': 'Deutsch'}, {'iso_639_1': 'it', 'name': 'Italiano'}]",Released,,"Kill Baby, Kill",False,6.6,38.0
False,,0,"[{'id': 27, 'name': 'Horror'}, {'id': 18, 'name': 'Drama'}, {'id': 53, 'name': 'Thriller'}]",,83857,tt0081759,en,Windows,"Shire is the subject of a perverse obsession by a Lesbian neighbor, Andrea, who not only is in lust with her but hires a rapist in order to get audio tapes of her moaning. Ashley turns pepping tom and watches Shire with a telescope as she begins an affair with Det. Cortese.",0.400023,/1JaMXfXuVfkt3QMATaZE1jblaKk.jpg,"[{'name': 'Mike Lobell Productions', 'id': 52599}]","[{'iso_3166_1': 'US', 'name': 'United States of America'}]",1980-01-18,0.0,96.0,"[{'iso_639_1': 'en', 'name': 'English'}]",Released,,Windows,False,5.8,9.0
False,"{'id': 74508, 'name': '[REC] Collection', 'poster_path': '/jTA37dMZVUFej20EoM5SomKtnYi.jpg', 'backdrop_path': '/rDzuccVBZSyNVQ26hTRT0DvneVA.jpg'}",0,"[{'id': 53, 'name': 'Thriller'}, {'id': 27, 'name': 'Horror'}]",http://rec4apocalipsis.com/,185341,tt1649443,es,[REC] 4: Apocalipsis,"Ángela Vidal the young television reporter who entered the building with the fireman, manages to make it out alive. But what the soldiers don?t know is that she carries the seed of the strange infection. She is to be taken to a provisional quarantine facility, a high-security installation where she will have to stay in isolation for several days. An old oil tanker, miles off shore and surrounded by water on all sides, has been especially equipped for the quarantine.",7.328242,/pkp6benCJbrl2jOE8OOjX1j2JDE.jpg,"[{'name': 'Filmax', 'id': 3631}]","[{'iso_3166_1': 'ES', 'name': 'Spain'}]",2014-09-09,190000.0,95.0,"[{'iso_639_1': 'es', 'name': 'Español'}]",Released,It's time to leave.,[REC]⁴ Apocalypse,False,5.2,269.0
False,,0,"[{'id': 27, 'name': 'Horror'}, {'id': 18, 'name': 'Drama'}, {'id': 36, 'name': 'History'}, {'id': 53, 'name': 'Thriller'}]",,39931,tt0065491,de,Hexen bis aufs Blut gequält,"Udo Kier is a witch hunter apprentice to Herbert Lom. He believes strongly in his mentor and the ways of the church but loses faith when he catches Lom strangling Reggie Nalder to death for calling him impotent. Kier begins to see for himself that the witch trials are nothing but a scam of the church to rob people of their land, money, and other personal belongings of value and seduce beautiful big breasted women. In the end, the towns people revolt, Herbert Lom escapes and poor Udo is tortured to death by the towns people with the his own torture devices. This film contains very strong graphic torture including a women's tongue being ripped out of her head, nuns being raped(in the opening credits), and lots of beatings.",1.631239,/d2VPM6bdh77cjf6Ez2RqE7psZHm.jpg,"[{'name': 'Atlas International Film', 'id': 4938}, {'name': 'Aquila Film Enterprises', 'id': 15246}, {'name': 'HIFI Stereo 70 Kg', 'id': 17745}]","[{'iso_3166_1': 'DE', 'name': 'Germany'}]",1970-02-19,0.0,96.0,"[{'iso_639_1': 'de', 'name': 'Deutsch'}]",Released,Positively the most horrifying film ever made,Mark of the Devil,False,5.8,21.0
False,"{'id': 123255, 'name': 'Prom Night Collection', 'poster_path': '/tHhPnpJad4RVICIwaeERIq63ARg.jpg', 'backdrop_path': None}",0,"[{'id': 27, 'name': 'Horror'}]",,39929,tt0093176,en,Hello Mary Lou: Prom Night II,"When Hamilton High's Prom Queen of 1957, Mary Lou Maloney is killed by her jilted boyfriend, she comes back for revenge 30 years later. Bill Nordham is now the principle of Hamilton High and his son is about to attend the prom with Vicki Carpenter. However, she is possessed by Mary Lou Maloney after opening a trunk in the school's basement. Now Bill must face the horror he left behind in 1957.",5.383766,/4wHoYhDZ5tfk3E2myRs8vdyoOv1.jpg,"[{'name': 'Simcom Limited', 'id': 15059}, {'name': 'Allarcom Limited', 'id': 15493}, {'name': 'British Columbia Television', 'id': 15494}, {'name': 'CFCN Communications', 'id': 21287}, {'name': 'TBA Film', 'id': 21288}]","[{'iso_3166_1': 'CA', 'name': 'Canada'}]",1987-11-13,2683519.0,97.0,"[{'iso_639_1': 'en', 'name': 'English'}]",Released,You Can't Keep a Bad Girl Down,Hello Mary Lou: Prom Night II,False,6.0,35.0
False,,0,"[{'id': 27, 'name': 'Horror'}]",,84418,tt0068231,en,Asylum of Satan,A young woman is brought to an asylum to receive special treatment from a mysterious doctor. Dr. Spector does more than just run the hospital -- he offers his patients as sacrifices to Satan.,0.000347,/pQ3UGlF5VGmIalP263obOcHkUbg.jpg,"[{'name': 'Studio 1 Pictures', 'id': 16708}]","[{'iso_3166_1': 'US', 'name': 'United States of America'}]",1972-01-01,0.0,80.0,"[{'iso_639_1': 'en', 'name': 'English'}]",Released,Love Slaves Of Satan Tortured To Blood-Dripping Death,Asylum of Satan,False,0.0,0.0
False,,6500000,"[{'id': 18, 'name': 'Drama'}, {'id': 27, 'name': 'Horror'}, {'id': 53, 'name': 'Thriller'}]",,42149,tt0082497,en,The Hand,"Jon Lansdale is a comic book artist who loses his right hand in a car accident. The hand was not found at the scene of the accident, but it soon returns by itself to follow Jon around, and murder those who anger him.",2.12989,/cgt0ooRchX19dANSTzdyNkoVW0I.jpg,"[{'name': 'Warner Bros.', 'id': 6194}, {'name': 'Orion Pictures Corporation', 'id': 14150}]","[{'iso_3166_1': 'US', 'name': 'United States of America'}]",1981-04-24,566736.0,104.0,"[{'iso_639_1': 'en', 'name': 'English'}]",Released,Nothing Will Prepare You For THE HAND.,The Hand,False,5.7,27.0
False,,0,"[{'id': 27, 'name': 'Horror'}, {'id': 35, 'name': 'Comedy'}, {'id': 53, 'name': 'Thriller'}]",http://www.houseboundthemovie.com/,253306,tt3504048,en,Housebound,"When Kylie Bucknell is sentenced to home detention, she's forced to come to terms with her unsociable behaviour, her blabbering mother and a hostile spirit who seems less than happy about the new living arrangement.",5.343018,/5pooROOhs9ctkmMiZAfE9DDrh9j.jpg,"[{'name': 'Semi-Professional', 'id': 35852}]","[{'iso_3166_1': 'NZ', 'name': 'New Zealand'}]",2014-09-04,0.0,109.0,"[{'iso_639_1': 'en', 'name': 'English'}]",Released,Terror Gets Domesticated,Housebound,False,6.5,362.0
False,,0,"[{'id': 12, 'name': 'Adventure'}, {'id': 18, 'name': 'Drama'}, {'id': 27, 'name': 'Horror'}]",,88665,tt0065640,it,Il dio serpente,"A beautiful Italian woman is told by her black friend about the Carribean love god Jambaya who appears in the form of the snake. By the end of the movie, Cassini has decided to give herself to Jambaya while Cunningham departs with her white friend's ex-lover, establishing a neat symmetry between their respective fantasies of exoticism.",0.000133,/fqRknFhuPFBbyKT7CCLmUikQNvO.jpg,[],"[{'iso_3166_1': 'IT', 'name': 'Italy'}, {'iso_3166_1': 'VE', 'name': 'Venezuela'}]",1970-11-28,0.0,94.0,"[{'iso_639_1': 'it', 'name': 'Italiano'}]",Released,,The Snake God,False,0.0,0.0
False,,19000000,"[{'id': 80, 'name': 'Crime'}, {'id': 18, 'name': 'Drama'}, {'id': 27, 'name': 'Horror'}, {'id': 53, 'name': 'Thriller'}]",,8643,tt0404032,en,The Exorcism of Emily Rose,"When a younger girl called Emily Rose (Carpenter) dies, everyone puts blame on the exorcism which was performed on her by Father Moore (Wilkinson) prior to her death. The priest is arrested on suspicion of murder. The trail begins with lawyer Erin Bruner (Linney) representing Moore, but it is not going to be easy, as no one wants to believe what Father Moore says is true.",10.966015,/lDffYgWFiAfA7ztBW6R4LWdjXK6.jpg,"[{'name': 'Lakeshore Entertainment', 'id': 126}, {'name': 'Firm Films', 'id': 1838}, {'name': 'Screen Gems', 'id': 3287}]","[{'iso_3166_1': 'US', 'name': 'United States of America'}]",2005-09-09,144216468.0,122.0,"[{'iso_639_1': 'en', 'name': 'English'}]",Released,What happened to Emily?,The Exorcism of Emily Rose,False,6.3,675.0
False,,0,"[{'id': 27, 'name': 'Horror'}]",,26703,tt0077470,en,Dracula's Dog,"Russian soldiers accidentally unleash Dracula's servant, as well as his dog, during excavations in Romania. Together they set out for America, to find the last descendent of the great Count.",1.072832,/omwz4JeO74YvhuBTPK8WyXiaKjw.jpg,"[{'name': 'EMI Television', 'id': 20260}, {'name': 'VIC Productions', 'id': 81475}]","[{'iso_3166_1': 'IT', 'name': 'Italy'}, {'iso_3166_1': 'US', 'name': 'United States of America'}]",1978-06-01,0.0,90.0,"[{'iso_639_1': 'en', 'name': 'English'}]",Released,There's More To The Legend Than Meets… The Throat!,Dracula's Dog,False,4.7,11.0
False,,0,"[{'id': 18, 'name': 'Drama'}, {'id': 27, 'name': 'Horror'}]",,27130,tt0036027,en,I Walked with a Zombie,"A nurse in the Caribbean turns to voodoo in hopes of curing her patient, an unusual woman who's husband she's fallen in love with.",3.511113,/uoyBR8XNxPQRojujtczfG1qJezY.jpg,"[{'name': 'RKO Radio Pictures', 'id': 6}]","[{'iso_3166_1': 'US', 'name': 'United States of America'}]",1943-04-21,0.0,69.0,"[{'iso_639_1': 'en', 'name': 'English'}]",Released,"See this strange, strange story of a woman whose lure set brother against brother; whose love caused hate - and whose beauty bowed to the will of an evil spell in whose power we must refuse to believe - EVEN IF IT'S TRUE!",I Walked with a Zombie,False,6.7,54.0
False,,13000000,"[{'id': 27, 'name': 'Horror'}, {'id': 53, 'name': 'Thriller'}, {'id': 18, 'name': 'Drama'}]",,63207,tt1634121,en,Intruders,"Though no one can see him, Hollow Face lurks in the corners, desperately desiring love but only knowing how to spread fear and hate. He creeps into the life of John Farrow after Farrow’s beloved 13-year-old daughter Mia is assaulted in their home. The line between the real and the imaginary blurs as fissures start to open within the family unit. It seems that no security measure can keep Hollow Face out.",9.734012,/doK1kQ6ZqGpNnghH0YFPu3Gihqu.jpg,"[{'name': 'Universal Pictures International (UPI)', 'id': 5726}, {'name': 'Antena 3 Films', 'id': 6538}, {'name': 'Apaches Entertainment', 'id': 8111}, {'name': 'Canal+ España', 'id': 9335}, {'name': 'Ministerio de Cultura', 'id': 11408}]","[{'iso_3166_1': 'US', 'name': 'United States of America'}, {'iso_3166_1': 'ES', 'name': 'Spain'}, {'iso_3166_1': 'GB', 'name': 'United Kingdom'}]",2011-09-12,0.0,100.0,"[{'iso_639_1': 'en', 'name': 'English'}, {'iso_639_1': 'fr', 'name': 'Français'}, {'iso_639_1': 'es', 'name': 'Español'}]",Released,The Nightmare is Real.,Intruders,False,5.2,164.0
False,,0,"[{'id': 27, 'name': 'Horror'}]",,13511,tt0091829,fr,Rawhead Rex,"Ireland will never be the same after Rawhead Rex, a particularly nasty demon, is released from his underground prison by an unwitting farmer. The film follows Rex's cross country rampage, while a man struggles to stop it.",3.497943,/mbubQaGA52dsx3zsRA45NXZe34y.jpg,[],"[{'iso_3166_1': 'IE', 'name': 'Ireland'}, {'iso_3166_1': 'GB', 'name': 'United Kingdom'}]",1986-10-01,0.0,89.0,"[{'iso_639_1': 'en', 'name': 'English'}]",Released,"He's pure evil, pure power, pure terror",Rawhead Rex,False,4.8,30.0
False,,0,"[{'id': 18, 'name': 'Drama'}, {'id': 14, 'name': 'Fantasy'}, {'id': 27, 'name': 'Horror'}]",http://www.voodoomoonthemovie.com/,37306,tt0462598,en,Voodoo Moon,"Voodoo Moon takes place in the mid-west United States, where a demonic figure murders the entire population of a small town, save for one young boy and his sister. Twenty years later, the boy has been consumed with trying to track the devil down and now he thinks he's found him. His sister is now an artist who has developed psychic abilities which enable her to sense disaster, visions she expresses in her art. The two siblings work together in fighting the devil, and also get the assistance of several people they have helped over the years",0.533343,/oyNEbkI4XvV3IXcuv8wTC88ZVou.jpg,"[{'name': 'IDT Entertainment', 'id': 4279}]","[{'iso_3166_1': 'US', 'name': 'United States of America'}, {'iso_3166_1': 'CA', 'name': 'Canada'}]",2006-06-04,0.0,89.0,"[{'iso_639_1': 'en', 'name': 'English'}]",Released,Evil is reborn by the light of the moon.,Voodoo Moon,False,4.3,2.0
False,,0,"[{'id': 27, 'name': 'Horror'}, {'id': 28, 'name': 'Action'}]",,283127,tt3675748,ja,極道大戦争,"Akira (Hayato Ichihara) admires Genyo Kamiura who is the most powerful yakuza. Genyo Kamiura has been targeted numerous times, but has never died. He is called the invincible person.  Because of Genyo Kamiura, Akira enters the world of the yakuza. His yakuza colleagues treats him like an idiot, Akira can't even get tattoos because of his sensitive skin. Akira becomes disappointed in the yakuza world, because it's not like what he say in the movies. Especially, in terms of loyalty and charity depicted of the yakuza.  An assassin is then sent to take out Genyo Kamiura. The killers know that Genyo Kamiura is a vampire.",3.052285,/tJsAtjcw2xjtemSIhb0sbvNKgg9.jpg,"[{'name': 'Nikkatsu', 'id': 955}, {'name': 'Django Film', 'id': 3659}, {'name': 'OLM', 'id': 13694}]","[{'iso_3166_1': 'JP', 'name': 'Japan'}]",2015-05-21,12756.0,115.0,"[{'iso_639_1': 'ja', 'name': '日本語'}]",Released,,Yakuza Apocalypse,False,5.8,40.0
False,,0,"[{'id': 27, 'name': 'Horror'}]",http://instant.warnerarchive.com/product.html?productId=60563,194393,tt0050317,en,The Disembodied,"When men on a photo safari stumble into a misanthropic doctor’s remote camp with a wounded comrade, the doctor's restless wife supplements her usual pursuit (voodoo, especially as a way to off her husband) with a new one: seduction. As men lose their hearts (sometimes literally) to the alluring voodoo priestess, she embarks on a killing spree that turns the jungle blood red.",0.289541,/ihC8EJfPDQHGuSaFML1Ot2NjReJ.jpg,"[{'name': 'Allied Artists Pictures', 'id': 4928}]","[{'iso_3166_1': 'US', 'name': 'United States of America'}]",1957-08-25,0.0,73.0,"[{'iso_639_1': 'en', 'name': 'English'}]",Released,FEMALE WITCH DOCTOR...FIENDISH TIGRESS OF THE JUNGLE!,The Disembodied,False,6.0,1.0
False,"{'id': 135466, 'name': 'Grave Encounters Collection', 'poster_path': '/1vLfiFfyJp95vpPDUfH3kRMxn5G.jpg', 'backdrop_path': '/9gKwnJbPjY65EVb5oFlbmY4qF2p.jpg'}",0,"[{'id': 27, 'name': 'Horror'}]",,134366,tt2231554,en,Grave Encounters 2,"Tortured by the ghosts of the demonized insane asylum that killed the crew of GRAVE ENCOUNTERS, film students fight to escape death as their own paranormal investigation goes terribly wrong in this horrifying sequel.",9.021941,/kzx8h6mDnFULOKHWbG9w5x58YU7.jpg,"[{'name': 'Death Awaits Cinema', 'id': 10935}, {'name': 'Twin Engine Films', 'id': 12881}, {'name': 'Pink Buffalo Films', 'id': 12882}]","[{'iso_3166_1': 'CA', 'name': 'Canada'}, {'iso_3166_1': 'US', 'name': 'United States of America'}]",2012-10-12,0.0,95.0,"[{'iso_639_1': 'en', 'name': 'English'}]",Released,Fear is just a word. Reality is much worse.,Grave Encounters 2,False,5.2,251.0
False,,0,"[{'id': 18, 'name': 'Drama'}, {'id': 27, 'name': 'Horror'}]",,18987,tt0014142,en,The Hunchback of Notre Dame,"Hunchback's story revolves around a beautiful gypsy dancer, Esmeralda (Patsy Ruth Miller) and the men in the life. Esmeralda's possessive guardian is Clopin, King of the Beggars (Ernest Torrence). He is willing to barter her to advance his interests and those of his impoverished followers. She loves and is loved in turn by Phoebus de Chateaupers (Norman Kerry) a cavalier of King Louis XI (Tully Marshall). Esmeralda is also the obsessive object of Jehan (Brandon Hurst) the villainous brother of Dom Claudio (Nigel De Brulier) the cathedral's saintly Archdeacon. And she is adored by Quasimodo, the grotesque bellringer of Notre Dame for her kindness to him after an unjust flogging. During a tender moment between the dancer and the soldier, the jealous Jehan stabs Phoebus. Esmeralda is accused of the crime, tortured and sentenced to hang. Workmen from the cathedral stop laboring to enjoy her public execution, the following day, while Quasimodo watches in horror.",1.469045,/eVhmfpV790uR4QSPptpFL8wt7Np.jpg,"[{'name': 'Universal Pictures', 'id': 33}]","[{'iso_3166_1': 'US', 'name': 'United States of America'}]",1923-09-06,0.0,113.0,[],Released,,The Hunchback of Notre Dame,False,6.4,24.0
False,,0,"[{'id': 27, 'name': 'Horror'}, {'id': 53, 'name': 'Thriller'}]",,24097,tt0069994,en,Don't Look in the Basement,"A young psychiatric nurse goes to work at a lonesome asylum following a murder. There, she experiences varying degrees of torment from the patients.",0.689278,/iTHRsUG0f3zh8Mwk4bhNOutuMHH.jpg,"[{'name': 'Camera 2 Productions', 'id': 4283}, {'name': 'Century Films', 'id': 4284}]","[{'iso_3166_1': 'US', 'name': 'United States of America'}]",1973-09-01,0.0,89.0,"[{'iso_639_1': 'en', 'name': 'English'}]",Released,Hell... has found a new home!,Don't Look in the Basement,False,5.2,19.0
False,,0,"[{'id': 53, 'name': 'Thriller'}, {'id': 27, 'name': 'Horror'}]",,161782,tt2381962,en,Hansel & Gretel: Warriors of Witchcraft,"Jonah and Ella Mazer are typical teenagers, but strange and frightening things are happening at their new school. They learn that all of their classmates are descendants of witches -- and the two are destined to die.",5.817159,/5eHXtjyZbSfAcmxuEfAn9qUJHlp.jpg,"[{'name': 'Rapid Heart Pictures', 'id': 4881}]","[{'iso_3166_1': 'US', 'name': 'United States of America'}]",2013-01-22,0.0,83.0,"[{'iso_639_1': 'en', 'name': 'English'}]",Released,Something evil this way comes,Hansel & Gretel: Warriors of Witchcraft,False,2.7,19.0
False,,305177,"[{'id': 27, 'name': 'Horror'}, {'id': 9648, 'name': 'Mystery'}]",,28910,tt0026685,en,Mark of the Vampire,"Sir Karell Borotyn appears to have been killed by Count Mora, a vampire believed to haunt the local village. Now his daughter Irena is the count's next target. Enter Professor Zelen, an expert on vampires who's sent in to prevent her death. At the same time, secrets are revealed surrounding the circumstances of Sir Karell's death.",1.892786,/ubyRl59qT5zxLXEROwSOfHOGliR.jpg,"[{'name': 'Metro-Goldwyn-Mayer (MGM)', 'id': 8411}]","[{'iso_3166_1': 'US', 'name': 'United States of America'}]",1935-04-26,0.0,60.0,"[{'iso_639_1': 'en', 'name': 'English'}]",Released,,Mark of the Vampire,False,6.1,27.0
False,,0,"[{'id': 35, 'name': 'Comedy'}, {'id': 14, 'name': 'Fantasy'}, {'id': 27, 'name': 'Horror'}]",,174188,tt1879032,en,Rapture-Palooza,Two teens battle their way through a religious apocalypse on a mission to defeat the Antichrist.,9.603327,/fGnj6Av0dB3X80XjcbwfW2KqMbH.jpg,"[{'name': 'Mosaic Media Group', 'id': 748}, {'name': 'Mimran Schur Pictures', 'id': 6573}]","[{'iso_3166_1': 'US', 'name': 'United States of America'}]",2013-06-07,0.0,85.0,"[{'iso_639_1': 'en', 'name': 'English'}]",Released,A match made in hell,Rapture-Palooza,False,4.9,91.0
False,,0,"[{'id': 27, 'name': 'Horror'}, {'id': 53, 'name': 'Thriller'}]",,45431,tt0143213,en,Devil in the Flesh,"When her mother is killed in a mysterious house fire, rebellious teen Debbie Strand is sent to live with her grandmother, where she becomes even more unhinged. She develops an intense crush on her hunky creative writing teacher, Peter Rinaldi, but her numerous attempts at seduction end in failure. Soon Peter's friends start turning up dead, and he fears that his fiancée, Marilyn, may be Debbie's next victim.",0.993645,/4iHUjWUl7dYpPGnwsx30wRXvtZy.jpg,"[{'name': 'Le Monde Entertainment', 'id': 6560}, {'name': 'Unapix Entertainment Productions', 'id': 22023}, {'name': 'Prostar Entertainment', 'id': 53826}]","[{'iso_3166_1': 'US', 'name': 'United States of America'}]",1998-01-04,0.0,99.0,"[{'iso_639_1': 'en', 'name': 'English'}]",Released,She's a hot... cold blooded killer.,Devil in the Flesh,False,5.0,8.0
False,,0,"[{'id': 18, 'name': 'Drama'}, {'id': 14, 'name': 'Fantasy'}, {'id': 27, 'name': 'Horror'}, {'id': 9648, 'name': 'Mystery'}]",,104338,tt0085226,fr,La belle captive,"Walter is told by his boss, Sara, to deliver an urgent letter to Henri de Corinthe. On the way he finds a beautiful woman he had been eying in a nightclub, lying in the road, bound up. He takes her to a villa to get a doctor, and ends up being locked in a bedroom with her. While she is making love to him, he has visions of surrealistic images from René Magritte's paintings. In the morning, the girl, Marie-Ange, has vanished, the villa looks derelict, and his neck is bleeding. Was it all just a nightmare?",0.954204,/g0DVggyWbqd091AveAolRapc3us.jpg,"[{'name': 'Argos Films', 'id': 6116}, {'name': 'France 3 (FR3)', 'id': 36079}]","[{'iso_3166_1': 'FR', 'name': 'France'}]",1983-02-16,0.0,90.0,"[{'iso_639_1': 'fr', 'name': 'Français'}]",Released,,La belle captive,False,6.9,9.0
False,,0,"[{'id': 27, 'name': 'Horror'}, {'id': 35, 'name': 'Comedy'}]",,74336,tt0188503,ko,조용한 가족,"A family decides to buy a lodge in a remote hiking area. Their first customer commits suicide and the distraught family buries his body to avoid the bad publicity. But their luck gets worse, the bodies start piling up, and the family becomes frantic to rectify the situation.",2.428,/8UIkwi3LGLwYXmf1xW0q9v7RJtl.jpg,"[{'name': 'Myung Film Company', 'id': 2479}]","[{'iso_3166_1': 'KR', 'name': 'South Korea'}]",1998-04-25,0.0,98.0,"[{'iso_639_1': 'ko', 'name': '한국어/조선말'}]",Released,,The Quiet Family,False,7.2,37.0
False,,7500000,"[{'id': 28, 'name': 'Action'}, {'id': 27, 'name': 'Horror'}, {'id': 878, 'name': 'Science Fiction'}]",http://marvel.com/movies/movie/4/man-thing,18882,tt0290747,en,Man-Thing,"Agents of an oil tycoon vanish while exploring a swamp marked for drilling. The local sheriff investigates and faces a Seminole legend come to life: Man-Thing, a shambling swamp-monster whose touch burns those who feel fear.",6.11959,/tKr7NAq9P1kpAcjZk0PdNjkSxfu.jpg,"[{'name': 'Lions Gate Films', 'id': 35}, {'name': 'Artisan Entertainment', 'id': 2188}, {'name': 'Marvel Enterprises', 'id': 19551}]","[{'iso_3166_1': 'AU', 'name': 'Australia'}, {'iso_3166_1': 'US', 'name': 'United States of America'}]",2005-04-21,143000.0,97.0,"[{'iso_639_1': 'en', 'name': 'English'}]",Released,The Nature of Fear,Man-Thing,False,4.0,38.0
False,,0,"[{'id': 27, 'name': 'Horror'}, {'id': 878, 'name': 'Science Fiction'}]",,18044,tt0923824,en,Ogre,A vicious Ogre rules over a town that has been stuck in time since the 1800's.,1.187773,/11CHM9Cw3MyoL6bsXusyG6Az5lY.jpg,"[{'name': 'Insight Film Studios', 'id': 2865}]","[{'iso_3166_1': 'CA', 'name': 'Canada'}, {'iso_3166_1': 'US', 'name': 'United States of America'}]",2008-03-08,0.0,90.0,"[{'iso_639_1': 'en', 'name': 'English'}]",Released,,Ogre,False,4.4,14.0
False,,0,"[{'id': 27, 'name': 'Horror'}]",,104927,tt0166377,it,Il terzo occhio,"The young Count Mino live in a big, old castle together with his dominant mother and a maid. Mother does not want him to marry his fiancee Laura, which turns out to have dire consequences.",0.102133,/7st1ANZERy83fAVG5A5VHuoRztY.jpg,"[{'name': ""Panda Societa per L'Industria Cinematografica"", 'id': 4827}]","[{'iso_3166_1': 'IT', 'name': 'Italy'}]",1966-06-11,0.0,98.0,"[{'iso_639_1': 'it', 'name': 'Italiano'}]",Released,,The Third Eye,False,6.0,2.0
False,,0,"[{'id': 18, 'name': 'Drama'}, {'id': 27, 'name': 'Horror'}, {'id': 53, 'name': 'Thriller'}, {'id': 28, 'name': 'Action'}]",,100669,tt1078927,en,Shark Swarm,"A fisherman and his family fight to take down a greedy real estate developer who has released toxins into the ocean, turning the area's sharks into bloodthirsty hunters.",2.012048,/dQMliv6SOiXThDYWutkZxU7PH8Q.jpg,"[{'name': 'Larry Levinson Productions', 'id': 3282}, {'name': 'Silverstar Ltd.', 'id': 6355}, {'name': 'RHI Entertainment', 'id': 20358}]","[{'iso_3166_1': 'US', 'name': 'United States of America'}]",2008-01-01,0.0,160.0,"[{'iso_639_1': 'en', 'name': 'English'}]",Released,,Shark Swarm,False,2.8,9.0
False,,0,"[{'id': 27, 'name': 'Horror'}]",,138730,tt1548598,en,La maison ensorcelée,"A group of travellers go into a house for protection. Little do they know, it is filled with ghosts who make unusual things happen to them.",0.550504,/uvX8VsV1qPd09p5bRxmRYeIn7KY.jpg,"[{'name': 'Pathé Frères', 'id': 21594}]","[{'iso_3166_1': 'FR', 'name': 'France'}]",1908-01-01,0.0,6.0,"[{'iso_639_1': 'xx', 'name': 'No Language'}]",Released,,The House of Ghosts,False,6.5,8.0
False,,8000000,"[{'id': 80, 'name': 'Crime'}, {'id': 27, 'name': 'Horror'}, {'id': 53, 'name': 'Thriller'}]",,12192,tt0964539,en,Pathology,"Medical student Ted Grey (Milo Ventimiglia) graduates at the top of his class and quickly joins an elite pathology program, whose top students invite him into their circle. There he uncovers a gruesome secret: They play a game in which one tries to commit the perfect, undetectable murder, then the others compete to determine the victim's cause of death.",5.33161,/tIjj2tvaueLbnHW8Q2ZU7tGJACN.jpg,"[{'name': 'Lakeshore Entertainment', 'id': 126}, {'name': 'Metro-Goldwyn-Mayer (MGM)', 'id': 8411}, {'name': 'Camelot Pictures', 'id': 11728}]","[{'iso_3166_1': 'US', 'name': 'United States of America'}]",2008-04-11,0.0,95.0,"[{'iso_639_1': 'en', 'name': 'English'}]",Released,No body is safe.,Pathology,False,5.6,147.0
False,,0,"[{'id': 35, 'name': 'Comedy'}, {'id': 27, 'name': 'Horror'}]",,381032,tt4185566,en,Another Evil,"After encountering a ghost in his family's vacation home, Dan and his wife Mary hire an ""industrial-grade exorcist"" named Os to get rid of the beings.",0.882583,/fC73oC0xwssWc7ty6dspPvgqfyz.jpg,"[{'name': 'Memory', 'id': 34777}]","[{'iso_3166_1': 'US', 'name': 'United States of America'}]",2017-05-05,0.0,92.0,"[{'iso_639_1': 'en', 'name': 'English'}]",Released,,Another Evil,False,6.1,10.0
False,,0,"[{'id': 27, 'name': 'Horror'}, {'id': 14, 'name': 'Fantasy'}, {'id': 28, 'name': 'Action'}, {'id': 12, 'name': 'Adventure'}, {'id': 9648, 'name': 'Mystery'}, {'id': 80, 'name': 'Crime'}, {'id': 18, 'name': 'Drama'}]",,220447,tt2630336,ja,黒執事,"Set in the year 2020, Shiori Genbo (Ayame Gouriki) runs the large corporation Funtom. Shiori is also a descendant of prestigious noble family Phantomhive of England. As a descendant of the noble family Phantomhive, Shiori solves difficult cases which are ordered by the queen. In order to take revenge, Shiori makes a deal with Butler Sebastian (Hiro Mizushima). Their deal involves Butler Sebastian protecting Shiori until her revenge is fulfilled and then Sebastian will consume her spirit.",2.106661,/vidfsb8UxcWIl0amKk7adYdKWVh.jpg,"[{'name': 'Tohei', 'id': 6624}]","[{'iso_3166_1': 'JP', 'name': 'Japan'}]",2014-01-18,0.0,119.0,"[{'iso_639_1': 'ja', 'name': '日本語'}]",Released,,Black Butler,False,5.9,24.0
False,,0,"[{'id': 27, 'name': 'Horror'}, {'id': 9648, 'name': 'Mystery'}, {'id': 53, 'name': 'Thriller'}]",http://www.fromwithinmovie.com,16167,tt1063056,en,From Within,The residents of a small American town begin to die one-by-one apparently by suicide...,3.215954,/kNpzqu87o2bwr3lQ7h3mWz7sloc.jpg,"[{'name': 'Burgundy Films', 'id': 3155}]","[{'iso_3166_1': 'US', 'name': 'United States of America'}]",2009-03-31,66456.0,89.0,"[{'iso_639_1': 'en', 'name': 'English'}]",Released,Death is catching.,From Within,False,5.9,40.0
False,,0,"[{'id': 27, 'name': 'Horror'}]",,28847,tt0094997,it,Demonia,A Canadian archaeological team in Sicily accidentally unleashes vengeful ghosts of five demonic nuns whom were murdered 500 years earlier and the ghosts now set out to kill the group and townspeople alike.,1.235247,/7NA3rSXWr5q6Wf4nmvVMigiXzFe.jpg,[],"[{'iso_3166_1': 'IT', 'name': 'Italy'}]",1990-10-01,0.0,85.0,"[{'iso_639_1': 'it', 'name': 'Italiano'}]",Released,No Evil Deed Goes Undone!,Demonia,False,4.8,8.0
False,,0,"[{'id': 53, 'name': 'Thriller'}, {'id': 80, 'name': 'Crime'}, {'id': 27, 'name': 'Horror'}, {'id': 9648, 'name': 'Mystery'}]",,63959,tt0143016,en,The Zodiac Killer,"The San Francisco area is beset by a series of seemingly random murders without motive or pattern. The police are taunted by phone calls and letters. Could the maniac be the violent, truck driver, or the seemingly mild-mannered mailman, or even a cop?",0.072873,/eoPS4EaZrvRq3CJ6tAkWKeBjXDq.jpg,[],"[{'iso_3166_1': 'US', 'name': 'United States of America'}]",1971-04-07,0.0,87.0,"[{'iso_639_1': 'en', 'name': 'English'}]",Released,It really happened,The Zodiac Killer,False,6.3,4.0
False,,0,"[{'id': 18, 'name': 'Drama'}, {'id': 27, 'name': 'Horror'}, {'id': 878, 'name': 'Science Fiction'}]",,40059,tt0087998,en,The Deadly Spawn,"Two campers in the New Jersey woods have their outdoor fun interrupted by the arrival of a meteorite crashing nearby. They go to investigate the crater, but are suddenly attacked and devoured by alien parasites who have hitched a ride to Earth. After finishing off the campers, the hungry space monsters head for a nearby town, where they make their domain in the basement of an old house soon begin polishing off one hapless inhabitant after another. Four young teenagers, plus one pre-teen boy, try to find a way to stop the angry space monsters before they reproduce and literally eat humanity.",0.938534,/ckyI0k56jQKwsUC11a1MlL2HQOI.jpg,[],"[{'iso_3166_1': 'US', 'name': 'United States of America'}]",1983-04-22,0.0,78.0,"[{'iso_639_1': 'en', 'name': 'English'}]",Released,,The Deadly Spawn,False,5.3,25.0
False,,5000,"[{'id': 18, 'name': 'Drama'}, {'id': 27, 'name': 'Horror'}]",,220287,tt2837366,lo,ຈັນທະລີ,"A sickly young woman experiences visions of her dead mother. She struggles to determine if the apparition is simply a side effect of her daily medication, or her mother actually reaching out to her from beyond the grave.",0.572235,/37A25bjP7KoI3Wtp18FhvOaQwwJ.jpg,"[{'name': 'Sleepy Whippet', 'id': 77518}, {'name': 'Lao Art Media', 'id': 77519}]","[{'iso_3166_1': 'LA', 'name': ""Lao People's Democratic Republic""}]",2013-05-18,0.0,98.0,"[{'iso_639_1': 'lo', 'name': ''}]",Released,,Chanthaly,False,6.3,3.0
False,,0,"[{'id': 35, 'name': 'Comedy'}, {'id': 27, 'name': 'Horror'}]",,24133,tt0988043,en,One-Eyed Monster,"In February 2007, ten people went to the remote mountains of Northern California to shoot an adult movie. What happened next was something no one expected, but everyone saw coming. Amber Benson, Charles Napier, and Ron Jeremy star in an homage to ""Alien"", ""The Thing"", and porn.",2.410649,/5eaz0cqBYG2wdzboi3Sr3Dn6dYd.jpg,[],"[{'iso_3166_1': 'US', 'name': 'United States of America'}]",2008-11-11,0.0,84.0,"[{'iso_639_1': 'en', 'name': 'English'}]",Released,,One-Eyed Monster,False,5.2,22.0
False,"{'id': 257571, 'name': 'C.H.U.D. Collection', 'poster_path': '/hAD7W573Zce9jqoI5qYE3UF2qOZ.jpg', 'backdrop_path': None}",0,"[{'id': 27, 'name': 'Horror'}, {'id': 35, 'name': 'Comedy'}, {'id': 878, 'name': 'Science Fiction'}]",,53150,tt0097001,en,C.H.U.D. II: Bud the Chud,"A military experiment to create a race of super-warriors go awry, and legions of murderous zombies are unleased upon a surburan neighborhood.",4.980211,/rm47A7W7k3tNfdBx1XUa70Z4BNv.jpg,"[{'name': 'Management Company Entertainment Group (MCEG)', 'id': 8821}, {'name': 'Vestron Pictures', 'id': 12360}]","[{'iso_3166_1': 'US', 'name': 'United States of America'}]",1989-05-05,0.0,85.0,"[{'iso_639_1': 'en', 'name': 'English'}]",Released,This C.H.U.D.'s for you!,C.H.U.D. II: Bud the Chud,False,3.5,25.0
False,,0,"[{'id': 27, 'name': 'Horror'}, {'id': 53, 'name': 'Thriller'}]",,375355,tt3610746,en,Don't Hang Up,An evening of drunken prank calls becomes a nightmare for a pair of teenagers when a mysterious stranger turns their own game against them.,5.597094,/j7fp7r9Ai4bdhoEEqfdQge4OwaC.jpg,"[{'name': 'Bigscope Films', 'id': 38146}, {'name': 'Wild Spark', 'id': 86621}, {'name': ""Don't Hang Up Films"", 'id': 86622}]","[{'iso_3166_1': 'GB', 'name': 'United Kingdom'}]",2016-10-22,0.0,83.0,"[{'iso_639_1': 'en', 'name': 'English'}]",Released,Be Careful Who You Prank,Don't Hang Up,False,5.7,97.0
False,,0,"[{'id': 27, 'name': 'Horror'}, {'id': 878, 'name': 'Science Fiction'}]",,38761,tt0069005,en,Night of the Lepus,Giant mutant rabbits terrorize the southwest!!,1.179811,/4ldYhM4swXlzBnE2kR8VtMxtv1a.jpg,"[{'name': 'Metro-Goldwyn-Mayer (MGM)', 'id': 8411}, {'name': 'A.C. Lyles Productions', 'id': 15185}]","[{'iso_3166_1': 'US', 'name': 'United States of America'}]",1972-10-04,0.0,88.0,"[{'iso_639_1': 'en', 'name': 'English'}]",Released,How many eyes does horror have?,Night of the Lepus,False,4.9,25.0
False,"{'id': 374384, 'name': 'Stepford Collection', 'poster_path': '/v8MNQQkU5B2WJbvXLZHsvWiHFTx.jpg', 'backdrop_path': '/m2kiyzpDeHx3L3HsIXBcHCXPbhm.jpg'}",0,"[{'id': 27, 'name': 'Horror'}, {'id': 9648, 'name': 'Mystery'}, {'id': 878, 'name': 'Science Fiction'}]",,12223,tt0073747,en,The Stepford Wives,"The urban aspirant photographer Joanna Eberhart moves from Manhattan to Stepford, Connecticut with her family. Her husband Walter Eberhart decided to live in a calm suburb, but Joanna did not like the neighborhood with beautiful and perfect housewives. She becomes friend of Bobbie Markowe and Charmaine Wimperis, and when they change Joanna tries to escape.",3.94547,/fqpH2y1xOeygP2Oy5rRQfnqmau6.jpg,"[{'name': 'Palomar Pictures', 'id': 2380}, {'name': 'Fadsin Cinema Associates', 'id': 36638}]","[{'iso_3166_1': 'US', 'name': 'United States of America'}]",1975-02-12,0.0,117.0,"[{'iso_639_1': 'en', 'name': 'English'}]",Released,Something strange is happening in the town of Stepford.,The Stepford Wives,False,6.7,79.0
False,,0,"[{'id': 28, 'name': 'Action'}, {'id': 35, 'name': 'Comedy'}, {'id': 27, 'name': 'Horror'}]",http://www.fistofjesus.com/,167956,tt2705402,es,Fist of Jesus,"When Jacob tells Jesus that his son, Lazarus, is dead, Jesus goes to his home to resurrect him. Only, this is the first time that Jesus has ever tried to bring back someone from the dead. You do not always get it right the first time. What follows is a gore-tastic nine minutes of Biblical splatter violence and comedy. Even our Lord and Savior goofs up once and a while. But he makes amends. Big time.",0.873612,/3igIOy7Q4wj3vZFrKjsdVxOmvN2.jpg,"[{'name': 'Eskoria Films', 'id': 54957}]","[{'iso_3166_1': 'ES', 'name': 'Spain'}]",2012-06-05,0.0,15.0,"[{'iso_639_1': 'es', 'name': 'Español'}]",Released,Jesus loves some... others feel his fist!,Fist of Jesus,False,7.6,15.0
False,,9500000,"[{'id': 35, 'name': 'Comedy'}, {'id': 27, 'name': 'Horror'}, {'id': 53, 'name': 'Thriller'}]",,186869,tt0105719,en,The Vagrant,"A business man buys a house, but he has a hard time trying to get rid of its previous tenant, a dirty bum.",3.47694,/8XTaMcU4WxafaIxT6HvfYHL8KTP.jpg,"[{'name': 'Brooksfilms', 'id': 5612}, {'name': 'Metro-Goldwyn-Mayer (MGM)', 'id': 8411}]","[{'iso_3166_1': 'US', 'name': 'United States of America'}]",1992-05-15,0.0,91.0,"[{'iso_639_1': 'en', 'name': 'English'}]",Released,He's not home alone.,The Vagrant,False,7.0,16.0
False,,2000000,"[{'id': 35, 'name': 'Comedy'}, {'id': 27, 'name': 'Horror'}]",,7091,tt0098577,en,Vampire's Kiss,"A publishing executive is visited and bitten by a vampire and starts exhibiting erratic behavior. He pushes his secretary to extremes as he tries to come to terms with his affliction. The vampire continues to visit and drink his blood, and as his madness deepens, it begins to look as if some of the events he's experiencing may be hallucinations.",3.265426,/pThT3QMiBC7ge8xePxXr8uruoJK.jpg,"[{'name': 'Hemdale Film Corporation', 'id': 469}, {'name': 'Magellan Pictures', 'id': 60303}]","[{'iso_3166_1': 'US', 'name': 'United States of America'}]",1988-09-17,725131.0,103.0,"[{'iso_639_1': 'en', 'name': 'English'}]",Released,Seduction. Romance. Murder. The things one does for love.,Vampire's Kiss,False,6.0,75.0
False,,0,"[{'id': 12, 'name': 'Adventure'}, {'id': 27, 'name': 'Horror'}, {'id': 878, 'name': 'Science Fiction'}]",,3593,tt0032412,en,Dr. Cyclops,Four explorers are summoned to Peru by the brilliant physicist Dr Thorkel. They discover a rich source of radium and a half-mad Thorkel who shrinks them down to one-fifth their normal size when they threaten to stop his unorthodox experimentation,0.662919,/5bUdwNdumc2cPzq9dQIkYMxovQx.jpg,"[{'name': 'Paramount Pictures', 'id': 4}]","[{'iso_3166_1': 'US', 'name': 'United States of America'}]",1940-04-09,0.0,76.0,"[{'iso_639_1': 'en', 'name': 'English'}]",Released,,Dr. Cyclops,False,6.1,15.0
False,,0,"[{'id': 27, 'name': 'Horror'}]",,3159,tt0069851,it,Il castello delle donne maledette,"Brazzi plays mad Dr. Frankenstein, Dunn is an evil dwarf and Lugosi (no relation to Bela) is a Neanderthal man. Add a monster named Hulk, and some nude women for sexploitation value.",0.296813,/uL1zlUXtbgNBhlz5ZTdA4kRUE5H.jpg,"[{'name': 'Classic Films International', 'id': 1343}]","[{'iso_3166_1': 'IT', 'name': 'Italy'}]",1974-02-19,0.0,90.0,"[{'iso_639_1': 'it', 'name': 'Italiano'}]",Released,Terror stalks the castle when the secret of life falls into the wrong hands.,Frankenstein's Castle of Freaks,False,3.5,2.0
False,,1000000,"[{'id': 878, 'name': 'Science Fiction'}, {'id': 27, 'name': 'Horror'}]",,57812,tt1629439,en,51,"Due to political pressure from the American public, the Air Force has decided to allow two well-known reporters limited access to the most secretive base on the planet. But when one of the base’s “long-term visitors” exploits this unprecedented visit as a chance to liberate himself and his fellow alien captives, Area 51 turns from a secure government base to a horrifying destination of terror.",2.160202,/3KNPUjuBcVAMbSL3eCL60bko9Xa.jpg,"[{'name': 'After Dark Films', 'id': 3608}]","[{'iso_3166_1': 'US', 'name': 'United States of America'}]",2011-02-26,0.0,87.0,"[{'iso_639_1': 'en', 'name': 'English'}, {'iso_639_1': 'fr', 'name': 'Français'}]",Released,Welcome to the Future,51,False,4.5,41.0
False,"{'id': 123255, 'name': 'Prom Night Collection', 'poster_path': '/tHhPnpJad4RVICIwaeERIq63ARg.jpg', 'backdrop_path': None}",0,"[{'id': 80, 'name': 'Crime'}, {'id': 27, 'name': 'Horror'}]",http://www.sonypictures.com/movies/promnight/,8617,tt0926129,en,Prom Night,"Donna's senior prom is supposed to be the best night of her life, though a sadistic killer from her past has different plans for her and her friends.",7.18216,/uNBnpeaxPUcOtaevIjQMG6Ne3mZ.jpg,"[{'name': 'Alliance Films', 'id': 2514}]","[{'iso_3166_1': 'US', 'name': 'United States of America'}]",2008-04-10,14796236.0,88.0,"[{'iso_639_1': 'it', 'name': 'Italiano'}, {'iso_639_1': 'en', 'name': 'English'}]",Released,A Night To Die For.,Prom Night,False,4.8,170.0
False,,0,"[{'id': 80, 'name': 'Crime'}, {'id': 27, 'name': 'Horror'}, {'id': 53, 'name': 'Thriller'}]",,403642,tt3330764,en,The Neighbor,"In the town of Cutter, most people keep to themselves. But when John comes home to find his girlfriend missing, he sneaks into his neighbor's house, finding his girlfriend and several other kidnapped people tied up in the basement. When the neighbor come home, John is forced to get out of the house alive and lead the group to safety.",6.001302,/y4q2fRKpQy18o9VL9eZ3eQBydvp.jpg,"[{'name': 'Fortress Features', 'id': 5176}, {'name': 'The Salt Company International', 'id': 25953}]","[{'iso_3166_1': 'US', 'name': 'United States of America'}]",2016-08-19,0.0,87.0,"[{'iso_639_1': 'en', 'name': 'English'}]",Released,We all have our secrets,The Neighbor,False,5.6,76.0
False,,500000,"[{'id': 53, 'name': 'Thriller'}, {'id': 28, 'name': 'Action'}, {'id': 878, 'name': 'Science Fiction'}, {'id': 27, 'name': 'Horror'}]",,263416,tt1663222,en,Dead Sea,A Marine Biologist is assigned to investigate the mysterious deaths of marine life in an inland salt water lake that have been attributed to a creature thought to have been the stuff of legend.,0.966179,/wUBiF3RrMPsinYgeByHU9zgdQTp.jpg,"[{'name': 'Dead Sea Films', 'id': 23553}]","[{'iso_3166_1': 'US', 'name': 'United States of America'}]",2014-04-15,0.0,90.0,"[{'iso_639_1': 'en', 'name': 'English'}]",Released,It's Feeding Time,Dead Sea,False,2.4,8.0
False,,4000000,"[{'id': 878, 'name': 'Science Fiction'}, {'id': 27, 'name': 'Horror'}]",,40249,tt0221633,en,They Nest,"After freezing up under pressure in the emergency room, Dr. Cahill decides to spend a few months unwinding on a little Maine island where he immediately gets off on the wrong foot with the locals. Meanwhile, a body has washed up on shore infested with a strange type of carnivorous cockroach. But when Dr. Cahill tries to warn the townsfolk of the danger, they are naturally skeptical. Will they realize the truth before it's too late?",1.590236,/2bJNxDgyuKb6UahqcGucbdEH1D9.jpg,"[{'name': 'The Kushner-Locke Company', 'id': 2499}]","[{'iso_3166_1': 'US', 'name': 'United States of America'}]",2000-01-01,0.0,92.0,"[{'iso_639_1': 'en', 'name': 'English'}, {'iso_639_1': 'de', 'name': 'Deutsch'}]",Released,,They Nest,False,4.7,15.0
False,,0,"[{'id': 27, 'name': 'Horror'}, {'id': 53, 'name': 'Thriller'}]",http://www.alycemovie.com/,78093,tt1680051,en,Alyce Kills,"After accidentally knocking her best friend off a roof, Alyce is haunted by guilt and delves into a brutal nightmare wonderland of sex, drugs and violence, her mind tearing itself apart… along with anyone else who gets in her way.",3.521225,/xb9TePlFyj2XQqZECsokiIW2avE.jpg,"[{'name': 'Scream HQ', 'id': 15479}, {'name': 'Social Construct', 'id': 20319}]","[{'iso_3166_1': 'US', 'name': 'United States of America'}]",2011-09-14,0.0,90.0,"[{'iso_639_1': 'en', 'name': 'English'}]",Released,She was always a bit weird...now she is truly insane.,Alyce Kills,False,5.8,35.0
False,,0,"[{'id': 18, 'name': 'Drama'}, {'id': 9648, 'name': 'Mystery'}, {'id': 27, 'name': 'Horror'}, {'id': 53, 'name': 'Thriller'}]",,19950,tt1385824,hi,13B: Fear Has a New Address,"Manohar, an upwardly mobile middle class Indian moves into a new apartment -13B on the 13th floor with his family. From the first day in their new home, the women are hooked on to a new TV show 'Sab Khairiyat'. The show is about a family eerily similar to theirs who have also just moved into a new house. As the TV show unfolds, all the incidents that happen in the show start happening to them.",1.39827,/x3u1APDyZwK9T1A6nrRgl5kGGgw.jpg,"[{'name': 'Reliance Big Pictures', 'id': 6583}]","[{'iso_3166_1': 'IN', 'name': 'India'}]",2009-03-06,0.0,137.0,"[{'iso_639_1': 'hi', 'name': 'हिन्दी'}]",Released,13B - Fear Has a New Address,13B: Fear Has a New Address,False,5.7,16.0
False,,0,"[{'id': 27, 'name': 'Horror'}]",,334028,tt3698558,en,Some Kind Of Hate,"When a troubled teen is subjected to severe bullying, he accidentally conjures the vengeful ghost of Moira Karp. Once a teenage girl pushed to suicide, Moira is now an unstoppable force on a mission of gruesome retribution. But when she goes to far, he must prevent her from spiraling out of control in this passionate and vividly violent supernatural thriller.",1.624956,/7ydJbmjBF40Fu02sTCywUwmsWKm.jpg,"[{'name': 'Caliber Media Company', 'id': 11049}, {'name': 'Revek Entertainment', 'id': 63805}]","[{'iso_3166_1': 'US', 'name': 'United States of America'}]",2015-05-02,0.0,82.0,"[{'iso_639_1': 'en', 'name': 'English'}]",Released,,Some Kind Of Hate,False,4.5,40.0
False,,0,"[{'id': 35, 'name': 'Comedy'}, {'id': 27, 'name': 'Horror'}]",http://www.redlettermedia.com/feedingfrenzy/index.html,103970,tt1706365,en,Feeding Frenzy,"A mysterious old man named Mr. Plinkett is keeping a deep dark secret locked away in the basement of a small-town hardware store: vicious, flesh-eating creatures with a mysterious past. Once these creatures escape, all hell breaks loose and it's up to Jesse, an incompetent hardware store employee, to stop them from turning the town into a feeding frenzy!",0.582453,/tmcAZMhUmebYPa59rIca2qcca0e.jpg,"[{'name': 'Red Letter Media', 'id': 15886}]","[{'iso_3166_1': 'US', 'name': 'United States of America'}]",2010-01-01,0.0,87.0,"[{'iso_639_1': 'en', 'name': 'English'}]",Released,Ever been eaten to death? Now's your chance.,Feeding Frenzy,False,6.3,8.0
False,,3500000,"[{'id': 53, 'name': 'Thriller'}, {'id': 18, 'name': 'Drama'}, {'id': 27, 'name': 'Horror'}, {'id': 9648, 'name': 'Mystery'}]",,289510,tt3461252,ar,الفيل الأزرق,"Psychiatrist Dr. Yehia returns to El-Abbaseya Hospital five years after the death of his family. His return coincide with the arrival of a new patient, Sherif, a friend from college, who is accused of murder.",0.945722,/pCBLyRWHRb9adZO1SatrJye3gp6.jpg,"[{'name': 'Al Shorouk for Media Productions', 'id': 84610}, {'name': 'Albatross Production Company', 'id': 93869}, {'name': 'Lighthouse Films', 'id': 93870}]","[{'iso_3166_1': 'EG', 'name': 'Egypt'}]",2014-07-28,0.0,170.0,"[{'iso_639_1': 'ar', 'name': 'العربية'}]",Released,,The Blue Elephant,False,6.5,18.0
False,,0,"[{'id': 27, 'name': 'Horror'}, {'id': 53, 'name': 'Thriller'}]",,95560,tt0023236,en,The Monster Walks,"Ruth Earlton has come home to her ancestral mansion to claim her inheritance.  Accompanied by her boyfriend, she discovers that her father died suddenly under suspicious circumstances.  Now it's her turn, as her deranged and relentless uncle targets her for death with the help of his wife and son, plus a very unhappy ape.",0.136451,/n8JY7C6j3Vk6Ei03pLSKVLwqPWK.jpg,"[{'name': 'Ralph M. Like Productions', 'id': 46010}]","[{'iso_3166_1': 'US', 'name': 'United States of America'}]",1932-02-10,0.0,60.0,"[{'iso_639_1': 'en', 'name': 'English'}]",Released,,The Monster Walks,False,4.0,3.0
False,,0,"[{'id': 27, 'name': 'Horror'}, {'id': 878, 'name': 'Science Fiction'}]",,85498,tt0046057,en,The Maze,"A Scotsman abruptly breaks off his engagement to pretty Kitty and moves to his uncle's castle in the Scottish highlands. Kitty and her aunt follow Gerald a few weeks later, and discover he has suddenly aged. Some mysterious things happen in a maze made from the hedges adjoining the castle.",0.548048,/fZkISTljQ7tMaVCMcczyDggEZ98.jpg,[],"[{'iso_3166_1': 'US', 'name': 'United States of America'}]",1953-07-26,0.0,80.0,"[{'iso_639_1': 'en', 'name': 'English'}]",Released,The Deadliest Trap in the World!,The Maze,False,4.5,7.0
False,,0,"[{'id': 27, 'name': 'Horror'}]",,72153,tt0069464,en,Virgin Witch,"Christine gets her big chance at modelling when she applies at Sybil Waite's agency. Together with Christine's sister Betty they go to a castle for the weekend for a photo shoot. Sybil has lured Christine to the castle for more than modelling: she is recruiting a virgin for induction into a witch's coven, led by the owner of the castle, Gerald. To their surprise, Christine is more than eager to join the coven, but begins her own secret battle for control.",0.91024,/rDasDeg4P8lJQntxOPaWIR3vtmF.jpg,"[{'name': 'Tigon British Film Productions', 'id': 4579}, {'name': 'Univista Productions', 'id': 13759}]","[{'iso_3166_1': 'GB', 'name': 'United Kingdom'}]",1972-06-08,0.0,88.0,"[{'iso_639_1': 'en', 'name': 'English'}]",Released,Every man was hers to command,Virgin Witch,False,5.7,9.0
False,,15000000,"[{'id': 27, 'name': 'Horror'}]",http://www.mamamovie.com/,132232,tt2023587,en,Mama,"Guillermo del Toro presents Mama, a supernatural thriller that tells the haunting tale of two little girls who disappeared into the woods the day that their parents were killed. When they are rescued years later and begin a new life, they find that someone or something still wants to come tuck them in at night.",16.018525,/lPcwVnhg3T3MQBtTU31Rx4xwEQH.jpg,"[{'name': 'Universal Pictures', 'id': 33}, {'name': 'Toma 78', 'id': 10677}, {'name': 'De Milo', 'id': 10678}]","[{'iso_3166_1': 'ES', 'name': 'Spain'}, {'iso_3166_1': 'CA', 'name': 'Canada'}]",2013-01-17,146497771.0,100.0,"[{'iso_639_1': 'en', 'name': 'English'}]",Released,A Mother's Love is Forever,Mama,False,6.0,1452.0
False,,0,"[{'id': 27, 'name': 'Horror'}, {'id': 28, 'name': 'Action'}]",,361159,tt4511566,en,Navy Seals vs. Zombies,"A team of highly skilled Navy SEALS find themselves embarking on the battle of their lives when they come face-to-face with the undead. After a deadly outbreak occurs in New Orleans, the SEALS must fight for their lives, and the city, against an army of zombies.",2.413622,/u9MaqPMe7ARQhDQWZQaqmsnuNX9.jpg,"[{'name': 'Hollywood Media Bridge', 'id': 3546}, {'name': 'Throne Productions', 'id': 63993}]","[{'iso_3166_1': 'US', 'name': 'United States of America'}]",2015-10-08,0.0,97.0,"[{'iso_639_1': 'en', 'name': 'English'}]",Released,,Navy Seals vs. Zombies,False,3.5,37.0
False,,0,"[{'id': 27, 'name': 'Horror'}, {'id': 14, 'name': 'Fantasy'}, {'id': 878, 'name': 'Science Fiction'}]",,70740,tt1512310,en,Goblin,"Every Halloween, a small hamlet in the deep woods is visited by a fierce goblin, intent on capturing infants and brutally murdering anyone in it's path.",2.541932,/uQHkSBGOrhtGb84SEYl2nMuhNcS.jpg,[],"[{'iso_3166_1': 'CA', 'name': 'Canada'}]",2010-07-13,0.0,92.0,"[{'iso_639_1': 'en', 'name': 'English'}]",Released,He Wants You Badly,Goblin,False,5.0,8.0
False,,0,"[{'id': 27, 'name': 'Horror'}, {'id': 53, 'name': 'Thriller'}]",,9783,tt0822858,en,Sublime,"Admitted to Mt. Abaddon Hospital for a routine procedure, George Grieves discovers that his condition is much more serious and complicated than originally expected; and as his own fears begin to manifest around him, he learns that Mt. Abaddon is not a place where people come to get better... it is a place where people come to die.",3.229071,/miyYo6yOHAfXlS0ORXLxeXcTeVq.jpg,"[{'name': 'Raw Feed', 'id': 3295}]","[{'iso_3166_1': 'US', 'name': 'United States of America'}]",2007-06-15,0.0,113.0,"[{'iso_639_1': 'en', 'name': 'English'}]",Released,,Sublime,False,5.3,33.0
False,,0,"[{'id': 18, 'name': 'Drama'}, {'id': 27, 'name': 'Horror'}]",,25319,tt0058333,en,The Masque of the Red Death,"Satan-worshiper Prince Prospero invites the local nobility to his castle for protection against an oncoming plague, the Red Death. He orders his guests to attend a masked ball and, amidst an atmosphere of debauchery and depravity, notices the entry of a hooded stranger dressed all in red. Believing the figure to be his master, Satan, Prospero is horrified at the revelation of his true identity.",11.587199,/5tbQ8q0aR9GAa8zFeJ2no84MZGQ.jpg,"[{'name': 'Alta Vista Productions', 'id': 4820}]","[{'iso_3166_1': 'GB', 'name': 'United Kingdom'}, {'iso_3166_1': 'US', 'name': 'United States of America'}]",1964-06-24,0.0,90.0,"[{'iso_639_1': 'en', 'name': 'English'}, {'iso_639_1': 'de', 'name': 'Deutsch'}, {'iso_639_1': 'la', 'name': 'Latin'}]",Released,Horror has a face.,The Masque of the Red Death,False,6.6,62.0
False,,2600000,"[{'id': 27, 'name': 'Horror'}, {'id': 53, 'name': 'Thriller'}]",,8875,tt0857295,en,Timber Falls,"A weekend of camping in the mountains becomes an excursion into hell for a young couple, who become pawns in a grotesque plot hatched by deranged locals.",2.304122,/iejYNt9oHnz7wulId3CW75Xk3Jh.jpg,"[{'name': 'Ascendant Pictures', 'id': 1204}, {'name': 'A-Mark Entertainment', 'id': 2248}, {'name': 'Film Tiger', 'id': 4305}, {'name': 'Rifkin-Eberts', 'id': 4307}]","[{'iso_3166_1': 'US', 'name': 'United States of America'}]",2007-12-07,0.0,97.0,"[{'iso_639_1': 'en', 'name': 'English'}]",Released,,Timber Falls,False,5.2,38.0
False,,0,"[{'id': 80, 'name': 'Crime'}, {'id': 18, 'name': 'Drama'}, {'id': 27, 'name': 'Horror'}, {'id': 53, 'name': 'Thriller'}]",,467,tt0242527,en,The Hole,Four teenagers at a British private school secretly uncover and explore the depths of a sealed underground hole created decades ago as a possible bomb shelter.,4.406514,/uKq5U7NfEBXn85AvpXtHhp0p2BG.jpg,"[{'name': 'Cowboy Films', 'id': 245}, {'name': 'Film Council', 'id': 246}, {'name': 'Granada Film Productions', 'id': 247}, {'name': 'Impact Pictures', 'id': 248}, {'name': 'Pathé Pictures International', 'id': 1178}, {'name': 'Canal+', 'id': 5358}]","[{'iso_3166_1': 'GB', 'name': 'United Kingdom'}]",2001-04-20,0.0,102.0,"[{'iso_639_1': 'en', 'name': 'English'}]",Released,"Once you get in, you can't get out.",The Hole,False,6.4,227.0
False,,0,"[{'id': 27, 'name': 'Horror'}]",,40139,tt0076361,en,Mansion of the Doomed,An insane surgeon finds himself up to his armpits in eyeballs after guilt prompts him to begin removing the eyes of abducted people in hopes of performing transplants on his daughter who lost her own in a car-accident he caused.,1.096474,/i12a8w24RjMfJjaQXWpkAjvKWEN.jpg,"[{'name': 'Charles Band Productions', 'id': 1295}]","[{'iso_3166_1': 'US', 'name': 'United States of America'}]",1976-10-01,0.0,89.0,"[{'iso_639_1': 'en', 'name': 'English'}]",Released,Keep An Eye Out For Dr. Chaney ... He Needs It!,Mansion of the Doomed,False,6.8,5.0
False,"{'id': 8581, 'name': 'A Nightmare on Elm Street Collection', 'poster_path': '/BcgmrOz69AUBRukw5LLGeYsOgo.jpg', 'backdrop_path': '/xDScJToK3YDTZmxNqQ0hFTObeXq.jpg'}",14000000,"[{'id': 27, 'name': 'Horror'}, {'id': 53, 'name': 'Thriller'}, {'id': 9648, 'name': 'Mystery'}, {'id': 14, 'name': 'Fantasy'}]",,11596,tt0111686,en,New Nightmare,"Freddy's back … and he's badder than ever! Nancy, the historical nemesis of the man with the satanic snarl and pitchfork fingers, discovers that a new monstrous demon has taken on Freddy's persona. Can Nancy stop this new threat in time to save her son?",9.860522,/oLEZibnraixTE68rTaYv4FEmvYd.jpg,"[{'name': 'New Line Cinema', 'id': 12}]","[{'iso_3166_1': 'US', 'name': 'United States of America'}]",1994-10-13,18090181.0,112.0,"[{'iso_639_1': 'en', 'name': 'English'}]",Released,"One, Two, Freddy's coming for you...",New Nightmare,False,6.4,297.0
False,,5000,"[{'id': 27, 'name': 'Horror'}]",,86658,tt1777642,en,Zombie Christ,Druids resurrect the partially mummified remains of Jesus. They force the zombified Christ to commit unspeakable acts as their sect prepares to rule a new age of mankind.,0.137117,/qX4gLUErOMR72kE2u4ZqzF7s12H.jpg,[],[],2010-10-27,0.0,100.0,[],Released,The Most Blasphemous Story Ever Told,Zombie Christ,False,1.0,1.0
False,,0,"[{'id': 27, 'name': 'Horror'}, {'id': 53, 'name': 'Thriller'}]",,107976,tt1193490,ko,검은 집,"Jun-oh, an insurance claims agent, faces off with a client who he suspects of committing murders with the intention of collecting insurance premiums.",1.868427,/s7smuDkvLYoLToMBp1PeoZVFrz8.jpg,"[{'name': 'Kadokawa Pictures', 'id': 2073}, {'name': 'CJ Entertainment', 'id': 7036}]","[{'iso_3166_1': 'JP', 'name': 'Japan'}, {'iso_3166_1': 'KR', 'name': 'South Korea'}]",2007-06-21,0.0,104.0,"[{'iso_639_1': 'ko', 'name': '한국어/조선말'}]",Released,,Black House,False,6.1,14.0
False,,0,"[{'id': 35, 'name': 'Comedy'}, {'id': 53, 'name': 'Thriller'}, {'id': 27, 'name': 'Horror'}]",,329134,tt4328798,ta,மாஸ் என்கிற மாசிலாமணி,A conman gains the power to see and communicate with ghosts and decides to use it to make money. His happy-go-lucky lifestyle goes for a toss when a ghost who is his look-alike approaches him with an offer.,0.793723,/qXJTn2ZMhrbs4TawcZfoI2Ifwws.jpg,[],"[{'iso_3166_1': 'IN', 'name': 'India'}]",2015-05-29,0.0,151.0,"[{'iso_639_1': 'ta', 'name': 'தமிழ்'}]",Released,,Massu Engira Maasilamani,False,4.9,12.0
False,,0,"[{'id': 27, 'name': 'Horror'}, {'id': 53, 'name': 'Thriller'}]",,12205,tt0308379,ja,仄暗い水の底から,A woman in the midst of an unpleasant divorce moves to an eerie apartment building with her young daughter. The ceiling of their apartment has a dark and active leak.,8.82953,/h0f2nPiK2tKKL0UKqUsbySOsjBB.jpg,"[{'name': 'Nikkatsu', 'id': 955}, {'name': 'Oz Company', 'id': 4563}, {'name': 'Kadokawa Shoten Publishing Co.', 'id': 9068}, {'name': 'Nippon Television Network (NTV)', 'id': 20192}, {'name': 'Video Audio Project (VAP)', 'id': 52024}, {'name': 'Office Augusta Co. Ltd.', 'id': 84047}]","[{'iso_3166_1': 'JP', 'name': 'Japan'}]",2002-01-19,0.0,101.0,"[{'iso_639_1': 'ja', 'name': '日本語'}]",Released,,Dark Water,False,6.7,132.0
False,,0,"[{'id': 27, 'name': 'Horror'}]",,343173,tt3923662,en,The ReZort,"The ReZort, a post apocalyptic safari, offers paying guests the opportunity to kill zombies in the wake of an outbreak.",4.399489,/oXeDhUJaOxUs1n6fHRhWVuuVBju.jpg,"[{'name': 'Creative Scotland', 'id': 8087}, {'name': 'Black Camel Pictures', 'id': 12977}, {'name': 'Umedia', 'id': 19037}, {'name': 'Gloucester Place Films', 'id': 21014}, {'name': 'LWH Entertainment', 'id': 50098}, {'name': 'Bulletproof Cupid', 'id': 54850}, {'name': 'The Kraken Films', 'id': 79009}]","[{'iso_3166_1': 'BE', 'name': 'Belgium'}, {'iso_3166_1': 'GB', 'name': 'United Kingdom'}, {'iso_3166_1': 'ES', 'name': 'Spain'}]",2016-04-22,0.0,87.0,"[{'iso_639_1': 'en', 'name': 'English'}]",Released,,The ReZort,False,5.5,87.0
False,,0,"[{'id': 27, 'name': 'Horror'}]",,40146,tt0081229,en,Night of the Demon,A professor and his students have a grisly encounter with a sasquatchlike creature that prowls the backwoods.,0.758791,/3w4nm6cdcA0O3dGaDbSHeVxGxXZ.jpg,"[{'name': 'Aldan Company', 'id': 13363}]","[{'iso_3166_1': 'US', 'name': 'United States of America'}]",1980-02-04,0.0,97.0,"[{'iso_639_1': 'en', 'name': 'English'}]",Released,An evil mutation embarks on a wave of brutal butchery.,Night of the Demon,False,5.0,14.0
False,,0,"[{'id': 28, 'name': 'Action'}, {'id': 53, 'name': 'Thriller'}, {'id': 27, 'name': 'Horror'}]",,30974,tt1433562,fr,Vertige,"A group of friends on vacation decide to venture onto a trail high up in the mountains that has been closed for repairs. The climb proves more perilous than planned, especially as they soon realize that they are not alone. The adventure turns into a nightmare.",5.055334,/pVPuTQ49NjJ8LiuhN7z1FNtPT4K.jpg,"[{'name': 'Gaumont', 'id': 9}, {'name': 'Sombrero Films', 'id': 3416}, {'name': 'Studio Mad', 'id': 21528}]","[{'iso_3166_1': 'FR', 'name': 'France'}]",2009-01-01,0.0,90.0,"[{'iso_639_1': 'fr', 'name': 'Français'}]",Released,,High Lane,False,5.6,77.0
False,"{'id': 256296, 'name': 'Silent Night, Deadly Night Collection', 'poster_path': '/4FqLNnITkZza1QKyTd5nprion1y.jpg', 'backdrop_path': '/wZM7UP8tdoZLHUgV4Lj5ixSqKSB.jpg'}",0,"[{'id': 27, 'name': 'Horror'}, {'id': 878, 'name': 'Science Fiction'}]",,70984,tt0105410,en,"Silent Night, Deadly Night 5: The Toy Maker","A young boy sees his father killed by a toy that was anonymously delivered to his house. After that, he is too traumatized to speak, and his mother must deal with both him and the loss of her husband. Meanwhile, a toy maker named Joe Peto builds some suspicious-looking toys, and a mysterious man creeps around both the toy store and the boy's house...but who is responsible for the killer toys?",1.240357,/6UfPS7KbcBury0T2MXWivonzD9F.jpg,"[{'name': 'Still Silent Films Inc.', 'id': 43977}]","[{'iso_3166_1': 'US', 'name': 'United States of America'}]",1991-11-06,0.0,90.0,"[{'iso_639_1': 'en', 'name': 'English'}]",Released,He's Home... But He's Not Alone.,"Silent Night, Deadly Night 5: The Toy Maker",False,5.1,11.0
False,"{'id': 256322, 'name': 'The Purge Collection', 'poster_path': '/nP3c8mTSxlis4vfg0UjlkK8LRG9.jpg', 'backdrop_path': '/quFWGOA4I5KCTsyDbvLh6PHNZwv.jpg'}",9000000,"[{'id': 27, 'name': 'Horror'}, {'id': 53, 'name': 'Thriller'}]",,238636,tt2975578,en,The Purge: Anarchy,"Three groups of people are trying to survive Purge Night, when their stories intertwine and are left stranded in The Purge trying to survive the chaos and violence that occurs.",27.756026,/l1DRl40x2OWUoPP42v8fjKdS1Z3.jpg,"[{'name': 'Universal Pictures', 'id': 33}, {'name': 'Why Not Productions', 'id': 729}, {'name': 'Platinum Dunes', 'id': 2481}, {'name': 'Blumhouse Productions', 'id': 3172}, {'name': '5150 Action', 'id': 47354}]","[{'iso_3166_1': 'FR', 'name': 'France'}, {'iso_3166_1': 'US', 'name': 'United States of America'}]",2014-07-17,108782847.0,104.0,"[{'iso_639_1': 'en', 'name': 'English'}]",Released,"Welcome to America, where one night a year, all crime Is legal.",The Purge: Anarchy,False,6.6,2008.0
False,,13000000,"[{'id': 35, 'name': 'Comedy'}, {'id': 80, 'name': 'Crime'}, {'id': 27, 'name': 'Horror'}, {'id': 53, 'name': 'Thriller'}]",,11592,tt0111127,en,Serial Mom,"A picture perfect middle class family is shocked when they find out that one of their neighbors is receiving obscene phone calls. The mom takes slights against her family very personally, and it turns out she is indeed the one harassing the neighbor. As other slights befall her beloved family, the body count begins to increase.",5.305311,/rH1TpgzOuZcjf6SpNTVMLs9GZUm.jpg,"[{'name': 'Savoy Pictures', 'id': 11308}, {'name': 'Polar Entertainment', 'id': 17411}]","[{'iso_3166_1': 'US', 'name': 'United States of America'}]",1994-04-13,7820688.0,95.0,"[{'iso_639_1': 'en', 'name': 'English'}]",Released,"Every Mom Wants to Be Wanted, But Not For Murder One!",Serial Mom,False,6.4,137.0
False,,0,"[{'id': 80, 'name': 'Crime'}, {'id': 18, 'name': 'Drama'}, {'id': 27, 'name': 'Horror'}, {'id': 9648, 'name': 'Mystery'}, {'id': 53, 'name': 'Thriller'}]",,27452,tt0038975,en,The Spiral Staircase,"In 1916, beautiful young mute Helen is a domestic worker for elderly, ailing Mrs. Warren. Mrs. Warren's two adult sons, Albert (a professor) and womanizing impudent Steven, also live in the Warren mansion. Mrs. Warren becomes concerned for Helen's safety when a rash of murders involving 'women with afflictions' hits the neighborhood. She implores her physician, Dr. Parry, to take Helen away for her own safety. When another murder occurs inside the Warren mansion, it becomes obvious that Helen is in danger.",7.719019,/b1VZwHlpl8DVPvnuCyauNGGV8QJ.jpg,"[{'name': 'RKO Radio Pictures', 'id': 6}]","[{'iso_3166_1': 'US', 'name': 'United States of America'}]",1946-02-06,0.0,83.0,"[{'iso_639_1': 'en', 'name': 'English'}]",Released,,The Spiral Staircase,False,6.6,46.0
False,,0,"[{'id': 27, 'name': 'Horror'}, {'id': 53, 'name': 'Thriller'}, {'id': 10770, 'name': 'TV Movie'}]",,19241,tt1153100,en,Backwoods,"While camping in Jasper Park up North California, the couple Tom Alan Smithee and Gwen Marie Holden are attacked by a group of strangers; Tom is immediately killed and Gwen is abducted by the men to an underground facility to breed.",5.513341,/lDhcwYPefuiHuXutA4VcxcREKPU.jpg,[],"[{'iso_3166_1': 'US', 'name': 'United States of America'}]",2008-01-03,0.0,85.0,"[{'iso_639_1': 'en', 'name': 'English'}]",Released,,Backwoods,False,3.5,12.0
False,,22000000,"[{'id': 27, 'name': 'Horror'}, {'id': 878, 'name': 'Science Fiction'}]",,19116,tt0804443,en,Asylum,"The teenager Madison McBride is traumatized by the loss of her deranged father when she was nine years old and the suicide of her beloved brother Brandon one year ago. She decides to join the Richard Miller University, where Brandon committed suicide, to overcome her demons. While walking to her dorm, she meets the weird janitor Wilbur Mackey that tells her that the place is haunted. Madison befri",2.07055,/7BqosTy8fBZxoo06vuCAnRKwXUs.jpg,"[{'name': 'Hyde Park Films', 'id': 1172}, {'name': 'Mad Scientist Productions', 'id': 34236}]","[{'iso_3166_1': 'US', 'name': 'United States of America'}]",2008-03-20,0.0,93.0,"[{'iso_639_1': 'de', 'name': 'Deutsch'}, {'iso_639_1': 'en', 'name': 'English'}]",Released,,Asylum,False,3.6,25.0
